Country,GDP per capita,Population (millions),Expenditure/GDP,"GDP(PPP, thousand millions)",Voice and Accountability index,Points
Algeria,10969.25,44.462,37.128,535.8,-1.01,12
Angola,6344.15,31.962,19.394,222.77,-0.84,2
Argentina,21511.59,45.842,37.832,1083.36,0.62,157
Bolivia,8242.89,11.8,34.398,106.86,-0.11,1
Bosnia and Herzegovina,14813.49,3.481,40.169,56.65,-0.31,3
Brazil,14710.22,212.609,35.942,3435.87,0.28,247
Bulgaria,23712.9,6.839,40.42,178.16,0.29,17
Cameroon,3707.7,27.224,16.523,110.89,-1.16,23
Chile,24311.6,19.718,33.466,526.64,0.97,40
Colombia,14931.36,51.049,34.513,837.39,0.1,30
Costa Rica,20536.95,5.18,20.95,116.87,1.09,23
Côte d'Ivoire,5286.96,27.659,20.859,160.65,-0.47,10
Croatia,29928.05,4.034,49.248,132.62,0.61,44
Czech Republic,40917.25,10.495,46.482,471.76,1.02,41
Denmark,58298.05,5.84,50.81,374.03,1.56,33
Ecuador,10693.41,17.757,35.51,208.6,0.11,17
Egypt,12976.29,102.1,25.965,1455.5,-1.51,2
Ghana,5684.34,31.394,25.681,196.05,0.47,18
Greece,29337.36,10.679,56.871,344.17,0.96,8
Honduras,5661.24,10.117,28.424,62.92,-0.59,3
Iceland,54583.86,0.369,49.234,22.12,1.37,1
Islamic Republic of Iran,15549.76,84.841,12.378,1449.33,-1.47,13
Jamaica,9899.3,2.74,29.503,29.8,0.63,3
Mexico,18837.56,128.972,27.073,2669.06,-0.07,66
Morocco,8353.36,36.313,30.123,333.242,-0.61,22
Nigeria,4969.21,211.401,13.297,1154.07,-0.64,21
Norway,64442.53,5.415,48.185,383.373,1.75,9
Panama,29130.71,4.337,24.829,138.809,0.55,0
Paraguay,12490.78,7.353,25.309,100.9,0.01,31
Peru,12764.3,33.829,23.551,474.37,0.18,18
Qatar,95340.3,2.618,29.377,274.249,-1.17,0
Romania,30890.7,19.202,37.51,651.64,0.6,29
Russia,28104.88,145.558,35.929,4494.22,-1.1,67
Saudi Arabia,44954.01,35.459,33.238,1751.18,-1.59,14
Senegal,3429.06,17.204,25.739,64.81,0.19,18
Serbia,19695.03,6.872,35.125,148.68,-0.12,63
Slovenia,40199.05,60.143,48.934,93.14,0.91,4
South Africa,13145.76,22.156,32.976,868.58,0.79,10
Togo,2163.58,8.49,22.952,20.18,-0.79,0
Trinidad and Tobago,24465.91,1.407,32.196,37.81,0.67,1
Tunisia,10481.46,12.019,33.184,138.39,0.19,14
Türkiye,31752.91,84.68,31.198,2953.94,-0.86,16
Ukraine,13039.97,41.077,40.266,588.45,0.08,7
United Arab Emirates,64697.99,10.187,28.896,724.07,-1.19,0
Uruguay,22058.27,3.543,30.918,85.86,1.3,88